,Tweet_id,Tweet,sent_label,class_label
150,1434408416160649216,@bearbops Ti pu√≤ anche essere utile leggere questo...inquietante. Nella seconda colonna il penultimo effetto avverso la sindrome infiammatoria multisistemica √® stata da qualche giorno inserita dall‚ÄôEMA tra i possibili effetti avversi. Mi raccomando fremi per l‚Äôobbligo!!!,0,0
302,1434426036985401345,"Pfizer e il vaccino: possibile sindrome infiammatoria, l‚ÄôEma indaga 
#Pfizer #vaccino #EMA  #salute
https://t.co/8FO9p0UTcP",0,0
334,1434430462320074758,"I vaccini COVID-19 probabilmente forniranno protezione a lungo termine contro malattie gravi e la morte, gli effetti sul blocco dell'infezione sono incompleti e molto transitori. Quindi non vi √® alcun vantaggio collettivo da compensare con il danno individuale ai bambini.
4/5",0,0
337,1434431101548830722,"Chi vuole FATTI su bambini e #Covid19?
Quasi tutti i bambini finiranno per infettarsi se non saranno vaccinati.
Di quelli che si infetteranno:
- 1 su 14 (ma recenti studi dicono 1/7) prenderanno #LongCovid
- 1 su 100 sar√† ricoverato
- 1 su 20.000 morir√†.
#ProtectTheKids #SARSCoV2",0,1
343,1434431748906135555,"Rischi e decessi di COVID-19 per i giovani sono minimi.
0,17  per 100.000 abitanti'. I rischi a lungo termine dei nuovi vaccini COVID-19 su una popolazione di milioni di bambini sono al momento sconosciuti""...

S. Gupta, epidemiologo
C. Heneghan, NHS
A. Giubilini, ricercatore
5/5",0,0
352,1434432913634910214,"üö®Questi i numeri relativi al #COVID19 ed ai #bambini se non si offre loro un #vaccino.

Tra i bambini che si contageranno:

ü§í 1 su 14 svilupper√† #LongCovidKids
üè• 1 su 100 sar√† ospedalizzato
‚ö∞Ô∏è 1 su 20.000 morir√†",0,1
378,1434437244518117376,Questa cosa √® raccapricciante e il nostro Governo senza avere idea delle conseguenze a medio o lungo termine continua con le sue restrizioni in che mondo viviamo? https://t.co/UoS17KiDc1,-1,0
621,1434472095212257284,"In particolare, la coorte era caratterizzata da un alto tasso di comorbilit√† che predispongono a COVID-19 grave, tra cui ipertensione (108; 71%), diabete (73; 48%), insufficienza cardiaca congestizia (41; 27%), rene cronico. e malattie polmonari (37; 24% ciascuna), demenza",0,0
652,1434476211925884931,"Le statistiche sul #LongCovid nei bambini sono desolanti 
üò¢ https://t.co/W3uWfta58m",-1,1
891,1434505148559155205,"@Antonio_Caramia @docdrugztore @MauroV1968 Nulla si conosce su eventi avversi gravi a medio e lungo termine (nessuna notizia sulla genotossicit√†, nessuna notizia sulla carcinogenesi) del vaccino per la #COVID19 perch√© NON CI SONO STUDI !!",-1,0
993,1434518127681884165,"@bisagnino Rischi complicanze covid-19 per i ragazzi minorenni = 0 (zero) 

Rischi complicanze vax a lungo termine = non si conoscono gli effetti a medio ed a lungo termine del vax",0,0
1862,1434605338859393025,"@maurizio1999 @MMmarco0 Tra i bambini infetti:
ü§í 1 su 14 soffriranno sintomi a lungo termine 
üè• 1 su 100 saranno ospedalizzati 
‚ö∞Ô∏è 1 su 20,000 moriranno",0,0
2032,1434628876739694603,"@EmmaKump @MartaEsperti @docdrugztore @Antonio_Caramia @MauroV1968 @LongCovidItalia @apresj20 @LongCovidSOS @LongCovidKids @LongCOVIDPhysio @LongCovidNL @LongCovidCanada @long_covid @LongCovidCH I dati su #LongCovidKids sono ormai numerosissimi.
Molti dei primi pazienti di Wuhan non erano anziani. Molti sono ancora malati.
Bambini e giovani con malattia COVID-19 (anche con polmonite) erano noti gia' a gennaio 2020

@TheLancet 24 gennaio 2020 per esempio",0,1
2121,1434647414418415616,"@borghi_claudio @francesco_decio @liberalmatteo Onorevole stavo leggendo il ""Risk Management Plan for COVID-19 mRNA vaccine"" dell'EMA (circa 80 pagine).
Si dice chiaramente che √® experimental, che non si conoscono gli effetti a lungo termine e sulle donne incinta ecc ecc https://t.co/uWoPvn4fte",0,0
2539,1431895847004999682,"Vaccini per i bambini, a Londra tante le manifestazioni
https://t.co/l1ypEvIaS2
#COVID19 #pandemia #London #LongCovidKids #KidsB4COVID #COVID #vaccinoobbligatorio #VacciniCovid #Uk #UnitedKingdom #manifestazione #pandemic #coronavirus #Eurocomunicazione #scuola #Salute",0,1
2578,1431898943827361795,@Mela09061860 @GiovanniToti L'impaziente introduzione del vaccino contro la coronavirus porter√† effetti negativi a lungo termine!  Causer√† danni secondari a causa dell'effetto ADE (potenziamento dipendente dall'anticorpo ) e persino render√† il vaccino pi√π dannoso del virus stesso,0,0
2580,1431899226032775168,@Silvy6701 @lilith975 L'impaziente introduzione del vaccino contro la coronavirus porter√† effetti negativi a lungo termine!  Causer√† danni secondari a causa dell'effetto ADE (potenziamento dipendente dall'anticorpo ) e persino render√† il vaccino pi√π dannoso del virus stesso https://t.co/i1jaHBCsCO,0,0
2583,1431899462402707456,@DiPint3 @lilith975 L'impaziente introduzione del vaccino contro la coronavirus porter√† effetti negativi a lungo termine!  Causer√† danni secondari a causa dell'effetto ADE (potenziamento dipendente dall'anticorpo ) e persino render√† il vaccino pi√π dannoso del virus stesso https://t.co/9I8bZ4XlmC,0,0
2585,1431899682427506692,@repubblica L'impaziente introduzione del vaccino contro la coronavirus porter√† effetti negativi a lungo termine!  Causer√† danni secondari a causa dell'effetto ADE (potenziamento dipendente dall'anticorpo ) e persino render√† il vaccino pi√π dannoso del virus stesso https://t.co/0XfvRhtqpf,0,0
2596,1431901152342335491,@Signorasinasce @lilith975 L'impaziente introduzione del vaccino contro la coronavirus porter√† effetti negativi a lungo termine!  Causer√† danni secondari a causa dell'effetto ADE (potenziamento dipendente dall'anticorpo ) e persino render√† il vaccino pi√π dannoso del virus stesso. https://t.co/FF8NmDoZ7O,0,0
2597,1431901396408967170,@LaVeritaWeb L'impaziente introduzione del vaccino contro la coronavirus porter√† effetti negativi a lungo termine!  Causer√† danni secondari a causa dell'effetto ADE (potenziamento dipendente dall'anticorpo ) e persino render√† il vaccino pi√π dannoso del virus stesso. https://t.co/98NwhTAINU,0,0
2598,1431901846281625602,@HuffPostItalia L'impaziente introduzione del vaccino contro la coronavirus porter√† effetti negativi a lungo termine!  Causer√† danni secondari a causa dell'effetto ADE (potenziamento dipendente dall'anticorpo ) e persino render√† il vaccino pi√π dannoso del virus stesso. https://t.co/kKztEHGUs2,0,0
2603,1431902030109548549,@rodcostakiwi @lilith975 L'impaziente introduzione del vaccino contro la coronavirus porter√† effetti negativi a lungo termine!  Causer√† danni secondari a causa dell'effetto ADE (potenziamento dipendente dall'anticorpo ) e persino render√† il vaccino pi√π dannoso del virus stesso. https://t.co/Zn2W7Tl6bT,0,0
2699,1431910840568107012,"√à vero, lo avevano detto da subito...  #COVID19 √® da prendere sul serio e anche la possibile #LongCovid che pu√≤ impedirti di vivere la tua vita come facevi prima...",-1,1
2785,1431921929548664833,"FIBROMIALGIA E COLLEGAMENTO CON LA SINDROME POST COVID-19.
La sindrome che si manifesta dopo la malattia COVID-19 acuta (PACS) √® un'entit√† emergente caratterizzata da una vasta gamma di manifestazioni, compresi disturbi..https://t.co/fJsOGTewte https://t.co/adjhevyeLU",0,1
2944,1431944912795283459,"@Antonino572 @BarbaraRaval La Ivermectina, con Lactoferrina e l'idrossiclorichina con Vitamina C √® D, Sono Soluzioni Anti Covid19, Senza INOCULARSI il presunto Spacciato Vaccino Che le stesse Case Farmaceutiche dichiarano di non conoscere gli effetti ha lungo termine e se non basta dopo due Dosi la Terza",0,0
3111,1431971867401891843,"Avere #covid19 asintomatico non vuol dire ""averla scampata"", purtroppo.
#LongCovid",-1,1
3181,1431978298335272961,"@Fiamma_74 @Manuela9679 @fabioschiano @GerardoDAmico @WRicciardi @FNOMCeO Oh, perch√© immagino che invece gli effetti a lungo termine di un'infezione pregressa da covid19 siano stati ampiamente documentati, giusto?
Chiss√†, magari √® come il virus della varicella, che resta latente nel corpo per tutta la vita e pu√≤ causare altre malattie. Vallo a sapere.",0,0
3463,1432001276502499332,@Marcellobello35 @stanzaselvaggia @nelloscavo Conosce persone che non abbiano MAI contratto l'influenza nella vita? La probabilit√† di contrarre l'influenza almeno una volta nella vita √® prossima al 100%. Perch√© la probabilit√† di contrarre il COVID-19 nel medio/lungo termine dovrebbe essere diversa?,0,0
3819,1432042441167851528,"@elisaperego78 @robersperanza @ProfPBianchi @FimpP @TigressEllie @Antonio_Caramia @RobiVil @andcapocci @MilaSpicola @LongCovidKids @LongCovidItalia @LongCovidSOS @SIPediatri Infatti questo √® un appello alla comunit√† scientifica libera di questo Paese! Serve un'operazione verit√† su:
üî∏contagio via #aerosol
üî∏#COVID19 e bambini
üî∏#LongCovid

cc @CNRsocial_ @Redazione_ROARS @covidstat_infn @bad_scientists @gianlucac1 @marcocattaneo @Rb_Bat @CaBarbati",0,1
3938,1432061822803324928,"#COVID19 Giorno di positivit√† numero 16.

Le giornate sono infinite, Niccol√≤ a tre anni da compiere mi ricorda ogni minuto che non c'√® un attimo da perdere nella vita e anche poco per rilassarsi. La salute ora c'√®, √® la stanchezza che si fa sentire. Ma la flame rouge √® vicina.",1,0
4132,1432097406070448132,"@bisagnino4 Attenzione, uno studio della Universit√† di Paperopoli ha finalmente dimostrato gli effetti collaterali a lungo termine dei vaccini anti-Covid19: si diventa tutti Juventini!!!",0,0
4143,1432099626895687686,"Le morti di influenza in anziani con 3 patologie le hanno chiamate morti-COVID19. Le morti da vaccino le hanno chiamate morti-da-malore, da calore, da urto con civetta, morte da sindrome del pattino lontano dalla riva. Le morti da tentativo di vaccinazione forzata? AUTODIFESA.",0,0
4654,1421755775840661510,"LA SINDROME MULTISISTEMICA √à ASPECIFICA 
QUINDI DIFFICILE DA DEFINIRE, 
CI FARANNO RIENTRARE QUALSIASI COSA
SCATENANDO IL PANICO TRA I GENITORI 
PER CREARE LA SCUSA PER IMPORRE LA VACCINAZIONE COVID19 
ANCHE ALLA FASCIA DI ET√Ä SOTTO GLI 11 ANNI 
E  ANCHE SENZA IL VOSTRO CONSENSO",-1,0
4964,1421790794118275083,"Il sogno delle multinazionali farmaceutiche √® quello di avere un'umanit√† affetta da malattie croniche, allo scopo di curarla con farmaci che cronicizzino gli stati patologici, piuttosto che attivare processi di guarigione. #BigPharma #COVID19",0,0
5034,1421797837784993792,quando si parla di effetti a lungo termine del #vaccino ci si dimentica chi ha DAVVERO degli effetti a lungo termine ancora sconosciuti: il #COVID19,0,1
5717,1421870457867878413,"E poi ci sono quelli che ..."" Io non mi vaccino perch√© chiss√† che effetti a lungo termine ..."" #ebeti",0,0
6841,1419195710856175616,"@RobertoRenga La patente √® obbligatoria per chi vuol portare un automezzo. Lo Stato (per Legge) imponga l'obbligo vaccinale (anti covid19) assumendosi quindi i rischi a breve, medio e lungo termine. Perch√® non lo fa? üòé",0,0
7290,1419236567982477313,"@maurobiani Mauro perdonami ma devi pensare anche a Tommaso, 14 anni admatico cronico che per i medici rischia la pelle se si vaccina. Al cinema ci andranno un giorno insieme lo spero von tutto il cuore, ma quando troveranno le cure per il Covid-19 ( molte gi√† ci sono ).",0,0
7317,1419238504610111488,"@AleHumanMovDoc @sebrushworth @SwissScience_TF @alain_berset @normangobbi La relazione COVID-19 e metabolismo non la sbeffeggia nessuno. 
Anzi ! ci sono articoli interessanti sulla #Sindemia ( pandemia da virus combinata ad una epidemia di obesit√†, ipertensione e sindrome metabolica!)",0,0
8036,1419296870669639685,@SalvoInUK @Adnkronos Si √® sperimentale la FDA non l‚Äôha mai approvato - √® solo per Emergency use - puoi vedere da te sul sito FDA https://t.co/D5pCULoq0I per approvare i vaccini ci vogliono anni di test - infatti i danni a lungo termine non si conoscono ‚Ä¶,0,0
8370,1419319746433069059,COVID-19 Vaccino Janssen: Controindicazione negli individui con pregressa sindrome da perdita capillare e aggiornamento relativo alla sindrome trombotica trombocitopenica https://t.co/8LG9xkmLMR https://t.co/LzpGh3yNji,0,0
8535,1419332534954086400,"@lucma66 @oscarwildeste I decessi non sono il solo parametro perch√© come detto sopra questa malattia ancora nuova e di cui non si conoscono tutti gli effetti soprattutto a lungo termine gi√† sappiamo essere causa di #LongCovid in una parte non trascurabile infettati, anche infettati lievi. Inoltre ‚¨áÔ∏è",0,1
8816,1419353456893116417,"Basta #tg4 mistificare un siero sperimentale per un vaccino tradizionale. i sieri anticovid19 agiscono sulla sindrome, chiamata appunto #Covid19 provocata dal virus #SarsCov2 e da Sistemi Immunitari particolarmente predisposti alla cosiddetta tempesta citochinica 
#FreeVax",0,0
9438,1419422540133539840,"@Enneppi Certo, la mortalit√† del vaiolo era del 30%. E il vaccino dava reazioni avverse del 0.0001%, un rapporto rischi/benefici bassissimo.
Cosa sa lei delle reazioni avverse dei vaccini sperimentali #COVID19 a mRNA o vector ed effetti Spike-Protein a lungo termine? Nulla.
#NoGreenPass https://t.co/xOukoW5nw7",0,0
9506,1419439238530088964,"#LongCovid
Indipendentemente dalla gravit√†, a 6mesi dalla malattia
üëâil 61% dei pazienti presenta sintomi persistenti

üëâIl 52% dei giovani con forma lieve della malattia presentano:
Perdita del gusto o dell'olfatto
Fatica
Dispnea
Difficolt√† di concentrazione
Problemi di memoria https://t.co/6NLDEoXNOa",0,1
9510,1419441303562096640,"""Covid19 non √® una pandemia, √® una sindrome. Una sindemia, per l'esattezza. La crisi economica che incombe su di noi non sar√† risolta da un farmaco o da un #vaccino. √à necessario un risveglio nazionale di grande portata."" Richard Horton ""The Lancet""
#draghibugiardo",0,0
9721,1424259685130059776,"@istsupsan Non si conoscono gli effetti a lungo termine sarebbe una fake? Ma se il primo bugiardino parlava solo di paresi facciale reversibile come effetto grave? E oggi invece Ema e AIFA ci dicono ben altro (vedi foto).. e domani chiss√†, diranno che sono cancerogeni o tossici? #COVID19 https://t.co/NkfME6p9KG",0,0
10114,1424305037250080768,"@robersperanza Ho 51 anni, consapevole dei rischi che avrei potuto incorrere contagiandomi con #COVID19 mi sono convintamente vaccinato assumendomi ogni responsabilit√†. Ma nei GIOVANI non sussiste un giustificato rapporto RISCHIO/BENEFICIO e dati su effetti collaterali a medio-lungo termine",0,0
10625,1424370081501483016,"Identificatore: 840539006
https://t.co/bHvTrlaDDr causata da sindrome respiratoria acuta grave coronavirus 2 (disturbo)COVID-19
https://t.co/rZE70wl2Jh https://t.co/z2CgrH6DH5",0,0
