Tweet_id,Tweet,sent_label,class_label
"1,39134418176387E+018","#Covid19
Villorba
Anziana 91 anni muore nel parcheggio del centro vaccinale 1h dopo la 2¬™ dose del vaccino #Pfizer
L‚Äôanziana comunque soffriva di patologie cardiovascolari e renali.
Decesso CON vaccino
Disposta autopsia. https://t.co/fifpwW2OwA",0,0
"1,3913692381962E+018","Lo capite vero che il problema non √® il covid19?
ü§¶‚Äç‚ôÇÔ∏èü§¶‚Äç‚ôÇÔ∏è
#sindromedistoccolma",0,0
"1,39141225080469E+018","#Newsicilia Il #longCovid riguarda i soggetti che possono continuare ad avere i sintomi del #Covid nonostante siano gi√† guariti
https://t.co/MaMCvaDUQs",0,1
"1,39142375468585E+018","@MMmarco0 Cazzo,un tuo tweet non votato all'allarmismo,al pessimismo cronico e al sottolineare sempre e solo i dati negativi?
Clamoroso üòÅü§£
#COVID19",0,0
"1,39147439471159E+018","@G23Mld Mah... √® la solita minimizzazione: ""√® il virus dei vecchi""!
A me vengono sempre in mente #le3letterine quanto sento discorsi cos√¨ üôÑ
Di #LongCovid ne parla il #CTS?
E comunque üëá

https://t.co/VouXANY2y1",0,1
"1,39150509820813E+018","#Ashwagandha  produce ottimi risultati su stress cronico,infiammazioni,stati di https://t.co/9TE4U6F6la modula anche l‚Äôespressione di IL-1 ed IL-6(correlate con la tempesta citochinica del Covid)Informatevi e,se vi ci entra l‚Äôocchio,fateci un pensierino
Ilüåéha tutto ci√≤ che serve",0,0
"1,39152716121186E+018",@Regsprecher L'UE deve agire con decisione per aumentare la produzione e l'accesso ai vaccini e trattamenti #COVID19 a lungo termine! Si prega di sostenere la rinuncia TRIPS sulla propriet√† intellettuale COVID-19 @vonderleyen #PeoplesVaccines #Vaccine4All https://t.co/PujQkunyZB,0,0
"1,39635772657437E+018",Svizzera: ¬´¬†In ambito scolastico un bambino su cinque √® stato colpito dal #SARSCoV2. √à quello che mostra uno studio su larga scala sulla popolazione scolastica.¬†¬ª #COVID19 #LongCovidKids,0,1
"1,3963620985785E+018",@Aifa_ufficiale ci sono controindicazioni ai vaccini anti #covid19 per chi ha la sindrome di Raynaud ? @pfizeritalia @AstraZeneca @moderna_tx @JNJNews,0,0
"1,39636686239772E+018","Al rischio del contagio da #COVID19 si aggiunge il rischio del #LongCovid. Su @MoreSafe_1 un interessante articolo sul tema di @GiovLuciano dal punto di vista del #lavoro con dati e studi @inail_gov.
https://t.co/bacmn91Nkb",1,1
"1,39640181807953E+018","@luigidegennar @MartaEsperti @MauroV1968 @chegiornoRadio1 @elisaperego78 @surf4children Ma cosa c'entra uno studio in cui si ipotizzano condizioni PRECEDENTI e comborbidit√† con lo sviluppo di un #COVID19 severo, con il #LongCovid patologia immunomediata con danni multi-organo che si presenta 7 su 10 su individui SENZA PATOLOGIE PRECEDENTI. No comment.",-1,1
"1,39640218066866E+018","@luigidegennar @MartaEsperti @MauroV1968 @chegiornoRadio1 @elisaperego78 @surf4children Ripeto: cosa c'entra uno studio in cui si ipotizzano condizioni PRECEDENTI e comborbidit√† con lo sviluppo di un #COVID19 severo, con il #LongCovid patologia immunomediata con danni multi-organo che si presenta 7 su 10 su individui SENZA PATOLOGIE PRECEDENTI. No comment.",-1,1
"1,39641647793118E+018","Prevenzione Covid19
Il ‚Äúcibo spazzatura‚Äù rende il sistema immunitario pi√π aggressivo a lungo termine. Cibo spazzatura = infiammazione!
LEGGI: https://t.co/tGj42LH2mD https://t.co/ULLllqqFFx",0,0
"1,39642853788897E+018","Marzo 2020, l‚Äôoncologo Cavanna spiegava: ‚ÄúNoi abbiamo osservato che la maggior parte dei pazienti che arrivano in ospedale avevano una storia di 10 - 15 - 20 giorni di febbre a casa, di malessere, di stanchezza, fino poi arrivare a disturbi respiratori‚Äù.",0,1
"1,39643421672074E+018","üö®Secondo uno studio da poco pubblicato, 
üëâI giovani adulti &lt;50 che hanno avuto il #COVID19 (anche senza condizioni pre-esistenti ed anche senza essere ospedalizzati), hanno un rischio maggiore di sequele cliniche.

üëâPrevenire √® SEMPRE meglio che curare! 

#LongCovid https://t.co/NxPL57nCeZ",0,1
"1,39644808498972E+018",Mi sa che l'educazione civica serve a questa pletora di adulti saccenti che hanno la forza di rompere le palle ancora ai giovani dopo tutto. Ma nascondetevi che non avete niente da insegnare perch√© non avete capito un cazzo. Stanchezza.,-1,0
"1,39646045429011E+018","Studio internazionale su #LongCovid e disturbi del sonno
@luigidegennar

#LongCovidItalia #LongCovidKids #longhaulers
#koronaoire #covidpersistente #MitCoronaLeben #apresJ20 

#covid #COVID19 #COVID19italia #SARSCoV2 #Covid_19",0,1
"1,3964703792171E+018","Acli Padova: Sportello BlaBlaBla, spazio di ascolto e sostegno per giovani e famiglie post-Covid https://t.co/fsIPAPOhZi &gt;&gt; @diocesipadova @CaritasPadova @comunepadova @acpadova @emimafre #COVID19",0,1
"1,39650056754391E+018",#COVID19: la sindrome dell‚Äôintestino irritabile (#IBS) ha una connessione con fattori psicosociali https://t.co/N8gD583Xah via @debugliesnews #Health #healthcare #healthylifestyle #HealthyLife #COVID„Éº19 #coronavirus #Coronavid19 #COVID19Pandemic #CoronavirusOutbreak,0,0
"1,39655713138666E+018","In Europa e nel mondo se ne parla dall'autunno scorso, soprattutto in UK. Iniziamo a convincerci anche noi, con lentezza, che il #LongCovid  esiste ed √® un percorso lungo e difficile.  Il contagio va evitato in tutti i modi, non va ""strumentalizzato"" per l'immunit√† di gregge.",-1,1
"1,39656477380695E+018","#LongCovid Italia
üëâIl 70% di coloro che hanno avuto il #COVID19 hanno sequele dopo 3 mesi.
üëâIl 50-60% persino dopo 6 mesi. 

√à quanto emerge da uno studio dell'azienda ospedaliera di Padova.",0,1
"1,39659546605849E+018","@MartaEsperti fondatrice @LongCovidItalia ha commentato il provvedimento di .@robersperanza  x assicurare cure ai malati #LongCovid con il #DecretoSotegni bis
""Gli aiuti per controllare i danni del #COVID19  a distanza di tempo sono importanti anche per aiutare la ricerca""",0,1
"1,3966044232002E+018","L'Azienda ospedaliera di Padova üáÆüáπ afferma che fino a 2/3 dei pazienti possono soffrire della condizione #LongCovid malattia seria e complessa che pu√≤ portare a danni multi-organo e multi-sistema ""che possono essere permanenti"".",0,1
"1,39394105432855E+018",Il futuro Post-Covid19 https://t.co/QZsVL4UrsE,0,0
"1,38625937673908E+018","In un nuovo scioccante rapporto sui vaccini #COVID √® stato scoperto che il vaccino contro il coronavirus Pfizer pu√≤ avere effetti sulla salute a lungo termine non precedentemente divulgati,tra cui ""SLA, Alzheimer e altre malattie neurologiche degenerative"" https://t.co/uhRct3j3hf",-1,0
"1,38640061386127E+018",StateOfMind:Sindrome della capanna e Covid-19 https://t.co/zc65w1KuXT 4,0,0
"1,3864006155473E+018",StateOfMind:Sindrome della capanna e Covid-19 https://t.co/yggsEbsg3W 4,0,0
"1,38640230925777E+018","@Guerrie2021 In un nuovo scioccante rapporto sui vaccini K-19, √® stato scoperto che il vaccino contro il coronavirus Xf!z‚Ç¨r pu√≤ avere effetti sulla salute a lungo termine non precedentemente divulgati, tra cui ""Alzheimer e altre malattie neurologiche degenerative""
https://t.co/FHygKsZUqC",-1,0
"1,38640491609302E+018","@MinervaMcGrani1 @WCostituzione In un nuovo scioccante rapporto sui vaccini K-19, √® stato scoperto che il vaccino contro il coronavirus Xf!z‚Ç¨r pu√≤ avere effetti sulla salute a lungo termine non precedentemente divulgati, tra cui ""Alzheimer e altre malattie neurologiche degenerative""
https://t.co/FHygKthvia",-1,0
"1,38640537185036E+018","@AntonellaBast10 @markred17 In un nuovo scioccante rapporto sui vaccini K-19, √® stato scoperto che il vaccino contro il coronavirus Xf!z‚Ç¨r pu√≤ avere effetti sulla salute a lungo termine non precedentemente divulgati, tra cui ""Alzheimer e altre malattie neurologiche degenerative""
https://t.co/FHygKthvia",-1,0
"1,38642502767165E+018","@DReqvenge2020 @radiosilvana @teoxandra @CorsampRocky @Romy_kitty1 @tripposauro @HoppitiV @NinaRicci_us @SgtPepp30006025 @Ubiklandia @AlbertHofman72 @Marco__Tullio @GrandePinguino E leggo infatti che anche SARS aveva come nome tecnico SARS CoV-1, (ord. Nidovirales) gi√† nel 2003, e in seguito anche la MERS - in effetti una sindrome infettiva da un CoronaVirus, trasmessa dai cammelli - tanto da essere nominata MERS-CoV ICD-10. Erano tutti coronavirus, ecco.",0,0
"1,38365514746148E+018","Tra circa un anno ogni Paese avr√† MILIONI di nuovi malati cronici #LongCovid pi√π o meno gravi; con anche patologie ignote che non sappiamo come trattare.

Milioni di nuovi malati cronici.

MILIONI.

Nessun Sistema Sanitario regger√† all'impatto.",-1,1
"1,38368175020784E+018","Insieme agli amici dell‚ÄôApiafco per fare il punto su [ stato di accesso alle cure delle persone con psoriasi, liste di attesa e piano della cronicit√† ]
#Salute 
#SSN 
#COVID19 üëá https://t.co/C3dpyKCu1v",0,0
"1,38368482428881E+018","Sbraccia (Medicina interna @ptvonline2001): ""L'obesit√† va riconosciuta come malattia cronica. Chi tra gli obesi prende il coronavirus ha maggiori probabilit√† di essere ricoverate in un'unit√† di terapia intensiva e di morire di #Covid-19 rispetto ai normopeso""
@qnazionale https://t.co/Z856agv03h",0,0
"1,38369428686506E+018","Felici che .@sivanmanoj sia stato scelto per occuparsi della riabilitazione da #COVID19 in Europa per conto dell'OMS @WHO
 
Qui una sua importante opinione sulla definizione di #LongCovid e l'urgenza della ricerca a riguardo

https://t.co/x7ptvRLFiT",1,1
"1,38370216067266E+018","@gianlucac1 @AndreaStair @piersileri @CrossWordsCW @ThManfredi D'altronde per @MinisteroSalute i negativizzati sono tutti guariti e non considerano il #LongCovid 

#LongCovidItalia #LongCovidKids #longhaulers 

#covid #COVID19 #COVID19italia",-1,1
"1,3837061338781E+018","E‚Äô una sindrome ormai nota: si chiama ‚Äú#stupidit√† e isteria indotta da #Sars2‚Äù. Sta anche nei manuali di #psichiatria politica.
#COVID19 #mascherine #lockdown",-1,0
"1,38372279767173E+018","Quando considerare il trapianto di polmone per COVID-19 a seguito di ARDS? La sindrome da distress respiratorio acuto √® una grave condizione che pu√≤ portare al decesso del Paziente.
√à noto che diversi virus respiratori causano la sindrome da distress

https://t.co/Ws53CWiugw https://t.co/1fZJHRd9sC",0,0
"1,38384812255251E+018","Nuova guida ILO per lo sviluppo delle #competenze nei programmi di investimento ad alta intensit√† di occupazione #EIIP. In che modo questo pu√≤ influire sulla #occupabilit√†, sulle prospettive di #occupazione per i lavoratori a lungo termine. EIIP tema critico nella crisi #COVID19.",0,0
"1,38386882031868E+018",Gli effetti a lungo termine del #COVID19 https://t.co/X5dohkZIWE,0,1
"1,38391304528653E+018","@BarbaraRaval @CoronaLupo Ci sono milioni di virus! Prendendo di mira il coronavirus, il vaccino mRNA render√† il corpo inerte per combattere altri virus perch√© gli anticorpi umani non si attiveranno e aspetteranno un altro virus ""salvatore""! Il corpo sar√† un composto chimico e biologico a lungo termine!",-1,0
"1,38874746413251E+018","#1maggio - Acli: ""Per l‚ÄôItalia post-Covid ridurre le disuguaglianze socio-economiche √® una sfida ineludibile: √® giunto il momento di prendere sul serio la questione distributiva e redistributiva"" https://t.co/KzQMrScfiL &gt;&gt; #ilcoraggiodellavoro #ilprimomaggiodelleacli #COVID19 https://t.co/ubWYe0Nc2O",0,0
"1,38875449230951E+018",In Australia si preoccupano della salute dei bambini. Che fa la politica italiana in questo senso? #Covid19 #SARSCoV2 #LongCovidKids,-1,1
"1,38875523943679E+018","La #Covid19 va estirpata, non mitigata con inutili politiche di convivenza col #SARSCoV2 #LongCovid #LongCovidKids https://t.co/PXNxA2Fypf",-1,0
"1,38877184337348E+018","Capisco che in Italia non ci sono dati e statistiche, ma guardate oltre Alpi. Et√† e malattie croniche sono quelle che maggiormente incidonono. Link per calcolare sta probabilit√† che Figliuolo non conosce https://t.co/giTL3WLRqX
 https://t.co/6b5E67ZGhM",-1,0
"1,38882603376023E+018","#ilmegliodiexportiamo - Il #Coronavirus ha trasformato le nostre esigenze legate a viaggi e vacanze, delineando nuove tendenze che l‚Äôindustria turistica non potr√† pi√π ignorare. Scopriamo insieme quali saranno i trend del #turismo post-Covid üëá
https://t.co/YWaUeJLovQ",0,0
"1,38890267524111E+018","30 APRILE 2021_AISC PARTECIPA ALLA CAMPAGNA DI SENSIBILIZZAZIONE DI RISPOSTA AL COVID-19 DELLA GLOBAL HEART HUB
L'assistenza cardiaca ritardata o evitata aumenta il rischio di danni irreversibili a lungo termine e persino di morte.",0,0
"1,38891748295875E+018",C‚Äô√® ancora chi pensa che i bambini non si ammalano di #Covid19. Svegliatevi se non volete fare dei vostri figli dei malati cronici. #SARSCoV2 #LongCovid #LongCovidKids,-1,1
"1,38892089838481E+018","Hey
#NichtMeinBundesrat
La responsabilit√† √® solo vostra ‚¨áÔ∏è
VERGOGNATEVI ü§°
#SwissCovidCrime
#SwissCovidFail
#impfgate
#LongCovidKids
#ProtectTheKids 
#Durchseuchungneindanke",-1,1
"1,38893113250753E+018","""Essere sopravvissuti a una catastrofe che si √® cronicizzata, spingendoci fuori dall'emergenza e dall'allerta, ci ha rassicurato in un senso preciso ma atroce: ci ha detto che niente dipendeva da noi."" @Sciandi #covid19",-1,0
